﻿Day Number,Week Number,Day,Day Type,Date,Month,Time (pm),Temperature(celsius),Meter Reading (watt/hour)
1,1,Wednesday,Cloudy,10/21/2020,October,1:00,31,83735
2,1,Thursday,Sunny,10/22/2020,October,1:00,31,83745
3,1,Friday,Sunny,10/23/2020,October,1:00,31,83750
4,1,Saturday,Sunny,10/24/2020,October,1:00,27,83763
5,1,Sunday,Cloudy,10/25/2020,October,1:00,27,83783
6,1,Monday,Sunny,10/26/2020,October,1:00,28,83787
7,1,Tuesday,Sunny,10/27/2020,October,1:00,28,83791
8,2,Wednesday,Sunny,10/28/2020,October,1:00,28,83804
9,2,Thursday,Cloudy,10/29/2020,October,1:00,28,83809
10,2,Friday,Sunny,10/30/2020,October,1:00,28,83815
11,2,Saturday,Cloudy,10/31/2020,October,1:00,27,83823
12,2,Sunday,Cloudy,11/1/2020,November,1:00,26,83833
13,2,Monday,Cloudy,11/2/2020,November,1:00,26,83843
14,2,Tuesday,Sunny,11/3/2020,November,1:00,25,83848
15,3,Wednesday,Sunny,11/4/2020,November,1:00,25,83856
16,3,Thursday,Sunny,11/5/2020,November,1:00,25,83865
17,3,Friday,Sunny,11/6/2020,November,1:00,24,83869
18,3,Saturday,Cloudy,11/7/2020,November,1:00,24,83878
19,3,Sunday,Cloudy,11/8/2020,November,1:00,23,83884
20,3,Monday,Cloudy,11/9/2020,November,1:00,23,83891
21,3,Tuesday,Sunny,11/10/2020,November,1:00,25,83898
22,4,Wednesday,Cloudy,11/11/2020,November,1:00,24,83904
23,4,Thursday,Cloudy,11/12/2020,November,1:00,25,83913
24,4,Friday,Sunny,11/13/2020,November,1:00,25,83918
25,4,Saturday,Cloudy,11/14/2020,November,1:00,25,83927
26,4,Sunday,Cloudy,11/15/2020,November,1:00,22,83930
27,4,Monday,Cloudy,11/16/2020,November,1:00,22,83938
28,4,Tuesday,Sunny,11/17/2020,November,1:00,22,83944
29,5,Wednesday,Cloudy,11/18/2020,November,1:00,25,83949
30,5,Thursday,Cloudy,11/19/2020,November,1:00,23,83951
31,5,Friday,Sunny,11/20/2020,November,1:00,21,83953
